<?xml version='1.0' encoding='UTF-8'?>
<!DOCTYPE test-metadata PUBLIC "+//IDN sosy-lab.org//DTD test-format test-metadata 1.1//EN" "https://sosy-lab.org/test-format/test-metadata-1.1.dtd">
<test-metadata>
  <sourcecodelang>C</sourcecodelang>
  <producer>testcov testcomp20-40-g2b78172</producer>
  <specification>COVER( init(main()), FQL(COVER EDGES(@DECISIONEDGE)) )</specification>
  <programfile>/home/kaled/Desktop/2020-my-projects/sv-benchmarks-testcomp20/c/reducercommutativity/rangesum10.i</programfile>
  <programhash>af68da58954d6230e3860792840330ae6de845ab</programhash>
  <entryfunction>main</entryfunction>
  <architecture>32bit</architecture>
  <inputtestsuitefile>/home/kaled/Desktop/fusebmc/test-suite.zip</inputtestsuitefile>
  <inputtestsuitehash>7d0a11d3131607cf1771000df27511b14895eaac</inputtestsuitehash>
  <creationtime>2020-06-05 16:44:52.276786</creationtime>
</test-metadata>
